Entity,Year,Births attended by skilled health staff (% of total)
Afghanistan,2000,12.4
Afghanistan,2003,14.3
Afghanistan,2006,18.9
Afghanistan,2008,24
Afghanistan,2010,34.3
Afghanistan,2011,38.6
Afghanistan,2012,39.9
Afghanistan,2014,45.2
Afghanistan,2015,50.5
Afghanistan,2017,53.4
Afghanistan,2018,58.8
Afghanistan,2020,61.8
Albania,1989,92.7
Albania,1990,93
Albania,1991,92.6
Albania,1992,86.4
Albania,1993,87.2
Albania,1994,89.1
Albania,1995,89.1
Albania,1996,91.2
Albania,1997,98.8
Albania,1998,99.1
Albania,1999,99
Albania,2000,99.1
Albania,2001,99
Albania,2002,98
Albania,2003,98.8
Albania,2004,99.3
Albania,2005,99.8
Albania,2006,99
Albania,2009,99.3
Albania,2018,99.8
Algeria,1992,76.5
Algeria,2000,92
Algeria,2002,95.9
Algeria,2006,95.2
Algeria,2013,96.6
Algeria,2019,98.8
American Samoa,2002,100
Andorra,2015,100
Andorra,2016,100
Andorra,2017,100
Angola,1996,22.5
Angola,2001,44.7
Angola,2007,47.3
Angola,2016,49.6
Antigua and Barbuda,1995,100
Antigua and Barbuda,1996,100
Antigua and Barbuda,1998,100
Antigua and Barbuda,2000,99.9
Antigua and Barbuda,2001,100
Antigua and Barbuda,2002,99
Antigua and Barbuda,2003,99
Antigua and Barbuda,2004,100
Antigua and Barbuda,2005,99.9
Antigua and Barbuda,2006,99.9
Antigua and Barbuda,2007,100
Antigua and Barbuda,2008,100
Antigua and Barbuda,2009,100
Antigua and Barbuda,2010,100
Antigua and Barbuda,2012,100
Antigua and Barbuda,2013,100
Antigua and Barbuda,2014,100
Antigua and Barbuda,2015,100
Antigua and Barbuda,2017,100
Antigua and Barbuda,2020,99
Argentina,1990,96.9
Argentina,1992,95.8
Argentina,1995,98.5
Argentina,1997,97.2
Argentina,1998,97.5
Argentina,1999,97.5
Argentina,2000,99.1
Argentina,2001,98.4
Argentina,2002,98.9
Argentina,2003,98.7
Argentina,2004,99.1
Argentina,2005,99.1
Argentina,2006,99.4
Argentina,2007,99.4
Argentina,2008,94.8
Argentina,2009,97.9
Argentina,2010,95
Argentina,2011,97.1
Argentina,2012,98.2
Argentina,2013,97
Argentina,2014,99.6
Argentina,2015,99.6
Argentina,2016,98.4
Argentina,2017,93.9
Argentina,2018,99.5
Argentina,2019,99.6
Argentina,2020,98.8
Armenia,1989,99.7
Armenia,1990,99.7
Armenia,1991,99.7
Armenia,1992,98.3
Armenia,1993,95.5
Armenia,1994,93.3
Armenia,1995,93.1
Armenia,1996,95.7
Armenia,1997,96.4
Armenia,1998,97.4
Armenia,1999,98.8
Armenia,2000,96.8
Armenia,2001,98.4
Armenia,2002,98.8
Armenia,2003,99.2
Armenia,2004,99.5
Armenia,2005,97.8
Armenia,2006,99.7
Armenia,2007,99.9
Armenia,2008,99.9
Armenia,2009,100
Armenia,2010,99.5
Armenia,2011,100
Armenia,2012,100
Armenia,2013,100
Armenia,2014,100
Armenia,2016,99.8
Aruba,2002,96
Australia,1991,99.6
Australia,1992,99.3
Australia,1993,99.3
Australia,1994,99.4
Australia,1995,99.3
Australia,1996,99.3
Australia,1997,99.3
Australia,1998,99.3
Australia,1999,99.3
Australia,2000,99.3
Australia,2001,99.3
Australia,2002,99.3
Australia,2003,99.3
Australia,2004,99.3
Australia,2005,99.4
Australia,2006,99.3
Australia,2007,99.2
Australia,2008,99.1
Australia,2009,99.1
Australia,2010,99.1
Australia,2011,99.1
Australia,2012,99.2
Australia,2013,99
Australia,2014,99.8
Australia,2015,98.8
Australia,2016,98.8
Australia,2017,99.4
Australia,2018,98.7
Australia,2019,98.8
Australia,2020,96
Austria,1993,100
Austria,1996,98.2
Austria,1997,98.2
Austria,1998,98.3
Austria,1999,98.3
Austria,2000,98.3
Austria,2001,98.3
Austria,2002,98.4
Austria,2003,98.4
Austria,2004,98.4
Austria,2005,98.6
Austria,2006,98.6
Austria,2007,98.5
Austria,2008,98.6
Austria,2009,98.6
Austria,2010,98.5
Austria,2011,98.6
Austria,2012,98.5
Austria,2013,98.5
Austria,2014,98.5
Austria,2015,98.5
Austria,2016,98.4
Austria,2017,98.4
Austria,2018,98.4
Austria,2019,98.4
Austria,2020,98.1
Azerbaijan,1989,97.3
Azerbaijan,1990,97.3
Azerbaijan,1991,97.2
Azerbaijan,1992,96.5
Azerbaijan,1993,96.3
Azerbaijan,1994,99.6
Azerbaijan,1995,91.5
Azerbaijan,1996,87.9
Azerbaijan,1997,90.4
Azerbaijan,1998,91.5
Azerbaijan,1999,92.4
Azerbaijan,2000,80.7
Azerbaijan,2001,88
Azerbaijan,2002,94
Azerbaijan,2003,95.8
Azerbaijan,2004,95.9
Azerbaijan,2005,94.4
Azerbaijan,2006,88.6
Azerbaijan,2007,93
Azerbaijan,2008,98
Azerbaijan,2009,99.8
Azerbaijan,2010,99.4
Azerbaijan,2011,97.2
Azerbaijan,2012,99.8
Azerbaijan,2013,99.9
Azerbaijan,2014,99.9
Azerbaijan,2015,99.8
Azerbaijan,2016,99.8
Azerbaijan,2017,99.8
Azerbaijan,2018,99.4
Azerbaijan,2019,99.9
Azerbaijan,2020,99.9
Azerbaijan,2021,99.9
Bahamas,1990,99
Bahamas,1995,99
Bahamas,1997,99
Bahamas,1998,99
Bahamas,1999,99
Bahamas,2000,99
Bahamas,2001,99
Bahamas,2002,99
Bahamas,2003,99
Bahamas,2004,98
Bahamas,2005,98.7
Bahamas,2006,99
Bahamas,2007,98.4
Bahamas,2008,98.5
Bahamas,2009,98.9
Bahamas,2010,99.1
Bahamas,2011,99.1
Bahamas,2012,98.9
Bahamas,2013,98.6
Bahamas,2014,98.9
Bahamas,2015,98
Bahamas,2016,99
Bahamas,2018,99
Bahamas,2019,99
Bahrain,1995,97.6
Bahrain,2000,97.7
Bahrain,2001,97.5
Bahrain,2002,97.6
Bahrain,2003,97.8
Bahrain,2004,97.7
Bahrain,2005,97.5
Bahrain,2006,97.5
Bahrain,2007,97.4
Bahrain,2008,97.5
Bahrain,2009,99.4
Bahrain,2010,99.3
Bahrain,2011,99.6
Bahrain,2012,99.8
Bahrain,2013,99.8
Bahrain,2014,99.8
Bahrain,2015,99.9
Bahrain,2016,99.7
Bahrain,2017,99.9
Bahrain,2018,99.6
Bahrain,2019,99.6
Bangladesh,1994,9.5
Bangladesh,1997,7.7
Bangladesh,2000,12.1
Bangladesh,2001,12
Bangladesh,2003,13.9
Bangladesh,2004,13.2
Bangladesh,2006,20.1
Bangladesh,2007,18
Bangladesh,2009,24.4
Bangladesh,2010,26.5
Bangladesh,2011,31.7
Bangladesh,2013,36.5
Bangladesh,2014,42.1
Bangladesh,2016,49.8
Bangladesh,2017,67.8
Bangladesh,2018,52.7
Bangladesh,2019,59
Barbados,1995,100
Barbados,1999,91
Barbados,2000,98
Barbados,2002,100
Barbados,2003,100
Barbados,2004,100
Barbados,2005,100
Barbados,2006,100
Barbados,2007,100
Barbados,2008,100
Barbados,2009,100
Barbados,2011,100
Barbados,2012,98.9
Barbados,2013,98.6
Barbados,2014,99.8
Barbados,2015,99
Barbados,2016,99.1
Barbados,2018,99
Barbados,2019,98
Barbados,2020,98.4
Belarus,1986,100
Belarus,1989,99.9
Belarus,1990,99.9
Belarus,1991,99.9
Belarus,1992,99.9
Belarus,1993,99.9
Belarus,1994,99.9
Belarus,1995,99.9
Belarus,1996,99.9
Belarus,1997,99.9
Belarus,1998,99.9
Belarus,1999,99.9
Belarus,2000,99.9
Belarus,2001,99.9
Belarus,2002,99.9
Belarus,2003,99.9
Belarus,2004,99.9
Belarus,2005,100
Belarus,2006,99.9
Belarus,2007,99.9
Belarus,2008,99.9
Belarus,2009,99.9
Belarus,2010,99.9
Belarus,2011,99.8
Belarus,2012,100
Belarus,2013,99.8
Belarus,2014,99.8
Belarus,2019,99.9
Belarus,2020,99.9
Belgium,1987,100
Belgium,1999,99.3
Belize,1991,76.9
Belize,1995,79
Belize,1998,79
Belize,1999,83.8
Belize,2000,90.2
Belize,2002,97
Belize,2004,87.8
Belize,2005,89.3
Belize,2006,95.8
Belize,2007,90.7
Belize,2008,94.9
Belize,2009,93.5
Belize,2010,94
Belize,2011,96.2
Belize,2012,93.7
Belize,2013,93
Belize,2014,93.1
Belize,2015,93.5
Belize,2016,96.8
Belize,2017,95.3
Belize,2018,94.8
Belize,2019,95.3
Belize,2020,94.6
Benin,1996,59.8
Benin,2001,65.5
Benin,2005,75
Benin,2006,74
Benin,2012,80.9
Benin,2014,77.2
Benin,2018,78.1
Bermuda,2018,99.4
Bhutan,1994,12
Bhutan,2000,27.3
Bhutan,2003,56.1
Bhutan,2005,52.3
Bhutan,2006,57.1
Bhutan,2007,71.4
Bhutan,2008,66.3
Bhutan,2009,66
Bhutan,2010,64.5
Bhutan,2011,70
Bhutan,2012,74.6
Bhutan,2013,89
Bhutan,2014,89
Bhutan,2015,89
Bhutan,2016,89
Bhutan,2017,96.4
Bhutan,2018,96.2
Bhutan,2019,96.3
Bhutan,2020,99.3
Bhutan,2021,98.9
Bolivia,1989,42.1
Bolivia,1994,47.2
Bolivia,1998,56.7
Bolivia,2000,67.3
Bolivia,2002,65.1
Bolivia,2003,60.8
Bolivia,2004,60.8
Bolivia,2008,71.1
Bolivia,2011,84
Bolivia,2012,82.1
Bolivia,2013,84.2
Bolivia,2014,83.9
Bolivia,2015,88.8
Bolivia,2016,89.8
Bolivia,2017,99.5
Bolivia,2018,71.5
Bolivia,2019,81.1
Bosnia and Herzegovina,1989,96.6
Bosnia and Herzegovina,1990,97
Bosnia and Herzegovina,1991,97.4
Bosnia and Herzegovina,1996,98.9
Bosnia and Herzegovina,1997,98.7
Bosnia and Herzegovina,1998,99.3
Bosnia and Herzegovina,1999,99.6
Bosnia and Herzegovina,2000,98.9
Bosnia and Herzegovina,2001,99.9
Bosnia and Herzegovina,2002,99.9
Bosnia and Herzegovina,2003,99.9
Bosnia and Herzegovina,2004,99.9
Bosnia and Herzegovina,2005,99.9
Bosnia and Herzegovina,2006,99.4
Bosnia and Herzegovina,2007,99.9
Bosnia and Herzegovina,2008,99.9
Bosnia and Herzegovina,2009,99.9
Bosnia and Herzegovina,2010,99.9
Bosnia and Herzegovina,2011,99.9
Bosnia and Herzegovina,2012,99.9
Bosnia and Herzegovina,2014,99.9
Bosnia and Herzegovina,2015,99.9
Bosnia and Herzegovina,2016,99.9
Bosnia and Herzegovina,2017,99.9
Bosnia and Herzegovina,2018,99.9
Bosnia and Herzegovina,2019,99.9
Botswana,1988,77.4
Botswana,1996,87
Botswana,2000,98.5
Botswana,2001,92
Botswana,2002,96.5
Botswana,2003,96.1
Botswana,2004,97.3
Botswana,2005,94
Botswana,2006,99.3
Botswana,2007,94.6
Botswana,2008,98.3
Botswana,2009,99.5
Botswana,2010,99.1
Botswana,2011,99.8
Botswana,2012,99.8
Botswana,2013,99.9
Botswana,2014,99.5
Botswana,2015,99.7
Botswana,2016,99.7
Botswana,2017,99.8
Brazil,1991,69.5
Brazil,1996,87.3
Brazil,1997,98.6
Brazil,1998,98.6
Brazil,1999,98.6
Brazil,2000,98.6
Brazil,2001,98.3
Brazil,2002,98.5
Brazil,2003,98.4
Brazil,2004,98.6
Brazil,2005,98.6
Brazil,2006,97
Brazil,2007,98.6
Brazil,2008,98.8
Brazil,2009,98.9
Brazil,2010,98.9
Brazil,2011,99
Brazil,2012,99
Brazil,2013,98
Brazil,2014,98.4
Brazil,2015,98.2
Brazil,2016,98.6
Brazil,2017,98.7
Brazil,2018,98.8
Brazil,2019,98.4
Brazil,2020,98.4
British Virgin Islands,1995,100
British Virgin Islands,1999,100
British Virgin Islands,2005,100
Brunei,1991,97.8
Brunei,1992,98
Brunei,1993,97.8
Brunei,1994,98.2
Brunei,1995,96.2
Brunei,1996,98.9
Brunei,1997,99.6
Brunei,1998,99.3
Brunei,1999,99.4
Brunei,2000,99.2
Brunei,2001,99.7
Brunei,2002,99.6
Brunei,2003,99.6
Brunei,2004,99.6
Brunei,2005,99.7
Brunei,2006,99.7
Brunei,2007,99.9
Brunei,2008,99.7
Brunei,2009,99.9
Brunei,2010,99.8
Brunei,2011,99.7
Brunei,2012,99.8
Brunei,2013,99.7
Brunei,2014,99.9
Brunei,2015,100
Brunei,2016,100
Brunei,2017,99.8
Brunei,2018,99.8
Brunei,2019,99.6
Brunei,2020,99.7
Brunei,2021,99.6
Bulgaria,1989,99.3
Bulgaria,1990,99.1
Bulgaria,1991,99.5
Bulgaria,1992,99.8
Bulgaria,1993,99
Bulgaria,1994,99
Bulgaria,1995,98.9
Bulgaria,1996,99.9
Bulgaria,1997,99.9
Bulgaria,1998,99.88003
Bulgaria,1999,99
Bulgaria,2000,99.8
Bulgaria,2001,98.9
Bulgaria,2002,99.2
Bulgaria,2003,99.2
Bulgaria,2004,99.4
Bulgaria,2005,99.4
Bulgaria,2006,99.4
Bulgaria,2007,99.6
Bulgaria,2008,99.6
Bulgaria,2009,99.6
Bulgaria,2010,99.5
Bulgaria,2013,99.7
Bulgaria,2014,99.7
Bulgaria,2015,93.4
Bulgaria,2016,95.1
Bulgaria,2017,93.9
Bulgaria,2018,93
Bulgaria,2019,92.3
Bulgaria,2020,94.6
Bulgaria,2021,94.5
Burkina Faso,1993,41.4
Burkina Faso,1999,30.9
Burkina Faso,2003,37.8
Burkina Faso,2006,53.5
Burkina Faso,2010,65.9
Burkina Faso,2015,79.8
Burundi,1987,19.1
Burundi,2000,25.2
Burundi,2005,31.8
Burundi,2010,60.3
Burundi,2012,78.4
Burundi,2016,77.6
Burundi,2017,79.1
Burundi,2018,86.2
Burundi,2019,98.6
Burundi,2020,87.4
Burundi,2021,76.5
Cambodia,1995,43.3
Cambodia,1998,34
Cambodia,2000,31.8
Cambodia,2004,16.3
Cambodia,2005,43.8
Cambodia,2006,43.8
Cambodia,2010,71
Cambodia,2011,71
Cambodia,2012,74
Cambodia,2014,89
Cambodia,2022,98.7
Cameroon,1991,63.5
Cameroon,1998,55
Cameroon,2000,56
Cameroon,2004,58.9
Cameroon,2006,58.9
Cameroon,2011,56.1
Cameroon,2014,64.7
Cameroon,2018,69
Canada,1987,100
Canada,1991,99.1
Canada,1992,99.6
Canada,1993,99.4
Canada,1994,99.3
Canada,1995,99.4
Canada,1996,99.2
Canada,1997,99.3
Canada,1998,99.3
Canada,1999,99.2
Canada,2000,99.3
Canada,2001,99.3
Canada,2002,99.3
Canada,2003,98.9
Canada,2004,99
Canada,2005,98.8
Canada,2006,100
Canada,2007,98.8
Canada,2008,98.7
Canada,2009,98.6
Canada,2010,98.5
Canada,2011,98.4
Canada,2012,98.1
Canada,2013,98
Canada,2014,97.9
Canada,2015,97.9
Canada,2016,97.8
Canada,2017,97.9
Canada,2018,98
Canada,2019,98
Canada,2020,98
Cape Verde,1995,54
Cape Verde,1998,88.5
Cape Verde,2005,77.5
Cape Verde,2006,76.4
Cape Verde,2007,74.4
Cape Verde,2008,74.6
Cape Verde,2009,75.6
Cape Verde,2010,98.5
Cape Verde,2011,98.7
Cape Verde,2013,92.3
Cape Verde,2014,95.6
Cape Verde,2015,91.4
Cape Verde,2016,92.6
Cape Verde,2017,92.4
Cape Verde,2018,97.3
Cayman Islands,2005,100
Central African Republic,1995,45.9
Central African Republic,2000,31.7
Central African Republic,2006,41.4
Central African Republic,2008,43.7
Central African Republic,2009,43.7
Central African Republic,2010,40
Central African Republic,2019,40.3
Chad,1997,12.2
Chad,2000,13.7
Chad,2004,14.4
Chad,2010,16.6
Chad,2015,24.3
Chad,2019,47.2
Chile,1993,99
Chile,1994,99.5
Chile,1995,99.5
Chile,1996,99.6
Chile,1997,99.4
Chile,1998,99.6
Chile,1999,99.4
Chile,2000,99.8
Chile,2001,99.8
Chile,2002,99.8
Chile,2003,99.8
Chile,2004,99.8
Chile,2005,99.8
Chile,2006,99.8
Chile,2007,99.7
Chile,2008,99.8
Chile,2009,99.8
Chile,2010,99.8
Chile,2011,99.9
Chile,2012,99.8
Chile,2013,99.8
Chile,2014,99.8
Chile,2015,99.7
Chile,2016,99.7
Chile,2017,99.8
Chile,2018,99.8
Chile,2019,99.8
China,1990,94
China,1991,93.7
China,1992,84.1
China,1993,83.6
China,1994,90.4
China,1995,89.3
China,1996,93.1
China,1997,93.8
China,1999,96.8
China,2000,96.6
China,2001,97.3
China,2002,96.7
China,2003,95.9
China,2004,97.3
China,2005,97.5
China,2006,97.8
China,2007,98.4
China,2008,99.1
China,2009,99.3
China,2010,99.6
China,2011,99.7
China,2012,99.8
China,2013,99.9
China,2014,99.9
China,2015,99.9
China,2016,99.9
Colombia,1986,71.1
Colombia,1990,80.6
Colombia,1995,84.5
Colombia,1998,91.3
Colombia,1999,92.1
Colombia,2000,86.1
Colombia,2001,93.1
Colombia,2002,94.5
Colombia,2003,95
Colombia,2004,95.6
Colombia,2005,90.7
Colombia,2006,97.1
Colombia,2007,97.8
Colombia,2008,98.1
Colombia,2009,98.6
Colombia,2010,94.8
Colombia,2011,99.2
Colombia,2012,98.7
Colombia,2013,98.7
Colombia,2014,98.9
Colombia,2015,99
Colombia,2016,95.9
Colombia,2017,99.3
Colombia,2018,98.4
Colombia,2019,98.8
Comoros,1996,51.6
Comoros,2000,61.8
Comoros,2012,82.2
Congo,2005,83.4
Congo,2012,92.5
Congo,2015,91.2
Costa Rica,1986,97
Costa Rica,1992,98
Costa Rica,1993,97
Costa Rica,1998,98
Costa Rica,1999,98.2
Costa Rica,2000,96.6
Costa Rica,2001,98
Costa Rica,2002,98.5
Costa Rica,2003,98.2
Costa Rica,2004,98.5
Costa Rica,2005,98.5
Costa Rica,2006,98.6
Costa Rica,2007,98.7
Costa Rica,2008,99.1
Costa Rica,2009,99.1
Costa Rica,2010,95.3
Costa Rica,2011,98.4
Costa Rica,2012,98.9
Costa Rica,2013,99
Costa Rica,2014,99.2
Costa Rica,2015,90
Costa Rica,2016,98.8
Costa Rica,2017,98.7
Costa Rica,2018,98.5
Costa Rica,2019,99
Cote d'Ivoire,1994,45.4
Cote d'Ivoire,1999,47.1
Cote d'Ivoire,2000,62.8
Cote d'Ivoire,2004,68
Cote d'Ivoire,2005,55.1
Cote d'Ivoire,2006,56.8
Cote d'Ivoire,2012,59.4
Cote d'Ivoire,2016,73.6
Cote d'Ivoire,2021,84
Croatia,1989,99.7
Croatia,1990,99.8
Croatia,1991,99.8
Croatia,1992,99.8
Croatia,1993,99.8
Croatia,1994,99.8
Croatia,1995,99.9
Croatia,1996,99.8
Croatia,1997,99.9
Croatia,1998,99.9
Croatia,1999,99.9
Croatia,2000,99.9
Croatia,2001,99.9
Croatia,2002,99.9
Croatia,2003,99.9
Croatia,2004,99.9
Croatia,2005,99.9
Croatia,2006,99.9
Croatia,2007,99.9
Croatia,2008,99.9
Croatia,2009,99.9
Croatia,2010,99.9
Croatia,2011,99.9
Croatia,2012,99.9
Croatia,2013,99.9
Croatia,2014,99.9
Croatia,2015,99.9
Croatia,2016,99.9
Croatia,2017,99.9
Croatia,2019,99.9
Cuba,1990,99.8
Cuba,1991,99.8
Cuba,1992,99.8
Cuba,1993,99.8
Cuba,1994,99.8
Cuba,1995,99.8
Cuba,1996,99.8
Cuba,1997,99.9
Cuba,1998,99.9
Cuba,1999,99.9
Cuba,2000,99.9
Cuba,2001,99.9
Cuba,2002,99.9
Cuba,2003,99.9
Cuba,2004,99.9
Cuba,2005,99.9
Cuba,2006,99.9
Cuba,2007,99.9
Cuba,2008,99.9
Cuba,2009,99.9
Cuba,2010,99.9
Cuba,2011,99.9
Cuba,2012,99.9
Cuba,2013,99.9
Cuba,2014,99.4
Cuba,2015,99.9
Cuba,2016,99.9
Cuba,2017,99.9
Cuba,2018,99.9
Cuba,2019,100
Cyprus,1990,100
Cyprus,1991,100
Cyprus,1992,100
Cyprus,1993,100
Cyprus,1994,100
Cyprus,1995,100
Cyprus,1996,100
Cyprus,1997,100
Cyprus,1998,100
Cyprus,1999,100
Cyprus,2000,97.9
Cyprus,2003,99
Cyprus,2004,95.7
Cyprus,2005,99.3
Cyprus,2006,98.5
Cyprus,2007,98.3
Cyprus,2008,97.2
Cyprus,2009,98.3
Cyprus,2010,98.6
Cyprus,2011,98.3
Cyprus,2012,98.7
Cyprus,2013,99.9
Cyprus,2014,97.4
Cyprus,2015,97.1
Cyprus,2016,95.6
Cyprus,2017,96
Cyprus,2018,98.3
Cyprus,2019,99.3
Czechia,1989,100
Czechia,1990,100
Czechia,1991,100
Czechia,1992,100
Czechia,1993,100
Czechia,1994,100
Czechia,1995,100
Czechia,1996,100
Czechia,1997,100
Czechia,1998,99.9
Czechia,1999,99.9
Czechia,2000,99.8
Czechia,2001,99.8
Czechia,2002,99.8
Czechia,2003,99.8
Czechia,2004,99.8
Czechia,2005,99.8
Czechia,2006,99.7
Czechia,2007,99.7
Czechia,2008,99.6
Czechia,2009,99.6
Czechia,2010,99.7
Czechia,2011,99.9
Czechia,2012,99.9
Czechia,2013,99.8
Czechia,2014,99.8
Czechia,2017,99.8
Democratic Republic of Congo,2001,60.7
Democratic Republic of Congo,2007,64.4
Democratic Republic of Congo,2010,74.1
Democratic Republic of Congo,2014,80.1
Democratic Republic of Congo,2018,85.2
Denmark,1987,100
Denmark,1997,98.3
Denmark,1998,98.8
Denmark,1999,98.7
Denmark,2000,98.8
Denmark,2001,98.9
Denmark,2002,98.8
Denmark,2003,98.9
Denmark,2004,98.6
Denmark,2005,98.8
Denmark,2006,98.7
Denmark,2007,97.8
Denmark,2009,98.7
Denmark,2010,98.5
Denmark,2011,98.5
Denmark,2012,98.2
Denmark,2013,96.3
Denmark,2014,95.9
Denmark,2015,95.4
Denmark,2016,94.4
Denmark,2017,95.1
Denmark,2018,95.3
Djibouti,2003,60.6
Djibouti,2006,78.4
Djibouti,2012,87.4
Dominica,1995,100
Dominica,1998,95
Dominica,1999,99.9
Dominica,2000,100
Dominica,2001,100
Dominica,2002,100
Dominica,2003,100
Dominica,2004,100
Dominica,2005,99
Dominica,2007,94
Dominica,2008,100
Dominica,2009,100
Dominica,2010,100
Dominica,2011,100
Dominica,2012,100
Dominica,2013,100
Dominica,2014,100
Dominica,2015,100
Dominica,2016,100
Dominica,2017,100
Dominica,2018,100
Dominica,2019,100
Dominica,2020,100
Dominican Republic,1986,89.8
Dominican Republic,1991,92.2
Dominican Republic,1996,95.3
Dominican Republic,1999,97.4
Dominican Republic,2000,97.6
Dominican Republic,2002,97.8
Dominican Republic,2006,95.5
Dominican Republic,2007,97.8
Dominican Republic,2010,97.8
Dominican Republic,2011,98.7
Dominican Republic,2012,98.8
Dominican Republic,2013,98.6
Dominican Republic,2014,98.6
Dominican Republic,2015,99.6
Dominican Republic,2016,99.8
Dominican Republic,2017,99.8
Dominican Republic,2018,99.7
Dominican Republic,2019,99.2
East Asia and Pacific (WB),1990,85.00626
East Asia and Pacific (WB),2000,85.26599
East Asia and Pacific (WB),2010,92.39386
East Asia and Pacific (WB),2019,95.3852
East Timor,1997,25.8
East Timor,2002,24
East Timor,2003,18.4
East Timor,2010,29.3
East Timor,2016,56.7
Ecuador,1987,61.3
Ecuador,1994,98.7
Ecuador,1999,99.1
Ecuador,2000,70.9
Ecuador,2001,71.4
Ecuador,2002,73.7
Ecuador,2003,75.1
Ecuador,2004,76.4
Ecuador,2005,78.5
Ecuador,2006,80.6
Ecuador,2007,82
Ecuador,2008,84
Ecuador,2009,85.6
Ecuador,2010,87.4
Ecuador,2011,89.7
Ecuador,2012,91.7
Ecuador,2013,93.3
Ecuador,2014,94.7
Ecuador,2015,94.2
Ecuador,2016,94.1
Ecuador,2017,95.6
Ecuador,2018,95.9
Ecuador,2019,97.2
Ecuador,2020,99.4
Egypt,1988,34.6
Egypt,1991,36.5
Egypt,1992,40.7
Egypt,1993,40.7
Egypt,1995,46.2
Egypt,1996,46.3
Egypt,1997,56.4
Egypt,1998,55.2
Egypt,2000,60.9
Egypt,2003,69.4
Egypt,2005,74.2
Egypt,2008,78.9
Egypt,2014,91.5
Egypt,2021,97.1
El Salvador,1985,85.4
El Salvador,1988,90
El Salvador,1993,87.4
El Salvador,1998,90.4
El Salvador,2003,92.4
El Salvador,2005,87.2
El Salvador,2006,89.6
El Salvador,2007,93.1
El Salvador,2008,95.5
El Salvador,2009,97.5
El Salvador,2010,98
El Salvador,2011,99
El Salvador,2012,99.5
El Salvador,2013,99.8
El Salvador,2014,98
El Salvador,2015,99.9
El Salvador,2016,99.9
El Salvador,2017,99.9
El Salvador,2018,99.9
Equatorial Guinea,1994,5
Equatorial Guinea,2000,64.6
Equatorial Guinea,2011,68.3
Eritrea,1995,20.6
Eritrea,1996,20.6
Eritrea,2002,28.3
Eritrea,2010,34.1
Estonia,1989,99
Estonia,1992,98.9
Estonia,1993,99.1
Estonia,1994,99.1
Estonia,1995,99.3
Estonia,1996,99.4
Estonia,1997,99.3
Estonia,1998,99.5
Estonia,1999,99.5
Estonia,2000,99.6
Estonia,2001,99.6
Estonia,2002,99.6
Estonia,2003,99.5
Estonia,2004,99.8
Estonia,2005,99.7
Estonia,2006,99.7
Estonia,2007,99.7
Estonia,2008,99.7
Estonia,2009,99.7
Estonia,2010,99.8
Estonia,2011,99.7
Estonia,2012,99.8
Estonia,2013,99.7
Estonia,2014,99.7
Estonia,2015,99.7
Estonia,2016,99.7
Estonia,2017,99.5
Estonia,2018,99.6
Estonia,2019,99.7
Estonia,2020,99.6
Eswatini,1994,56
Eswatini,2000,65.4
Eswatini,2002,74
Eswatini,2007,69
Eswatini,2010,82
Eswatini,2014,88.3
Ethiopia,1998,6.5
Ethiopia,2000,5.6
Ethiopia,2004,6.4
Ethiopia,2005,5.7
Ethiopia,2011,10
Ethiopia,2013,23.1
Ethiopia,2014,15.5
Ethiopia,2016,27.7
Ethiopia,2019,49.8
Europe and Central Asia (WB),2000,95.38834
Europe and Central Asia (WB),2010,98.307076
Europe and Central Asia (WB),2019,98.42766
European Union (27),2000,99.3872
European Union (27),2010,98.654045
European Union (27),2019,98.09503
Fiji,1990,95.3
Fiji,1991,94.5
Fiji,1993,97.6
Fiji,1994,96.2
Fiji,1995,96.2
Fiji,1996,96.3
Fiji,1997,96.2
Fiji,1998,96.7
Fiji,1999,96.4
Fiji,2000,96.9
Fiji,2001,98.4
Fiji,2002,96.9
Fiji,2003,96.7
Fiji,2004,97
Fiji,2005,97.2
Fiji,2006,99.3
Fiji,2007,99
Fiji,2008,98.8
Fiji,2009,99.8
Fiji,2010,99.7
Fiji,2011,99.6
Fiji,2012,99.3
Fiji,2013,98.8
Fiji,2014,99.7
Fiji,2015,99.9
Fiji,2016,99.8
Fiji,2021,99.8
Finland,1990,98.8
Finland,1992,98.6
Finland,1993,98.6
Finland,1994,98.5
Finland,1995,98.5
Finland,1996,98.4
Finland,1997,98.4
Finland,1998,98.3
Finland,1999,98.4
Finland,2000,99.9
Finland,2001,99.9
Finland,2002,99.9
Finland,2003,99.9
Finland,2004,99.8
Finland,2005,99.9
Finland,2006,99.8
Finland,2007,99.8
Finland,2008,99.8
Finland,2009,99.8
Finland,2010,99.8
Finland,2011,99.8
Finland,2012,99.8
Finland,2013,99.7
Finland,2014,99.7
Finland,2015,99.7
Finland,2016,99.6
Finland,2017,99.6
Finland,2018,99.6
Finland,2019,99.5
Finland,2020,99.6
Finland,2021,99.5
France,1993,99
France,2001,99.6
France,2004,98
France,2005,97.9
France,2006,98.3
France,2007,98.1
France,2008,98
France,2009,97.9
France,2010,97.5
France,2011,96.2
France,2012,97.1
France,2013,98.3
France,2014,98.3
France,2015,97.7
France,2016,97.4
France,2017,98
France,2018,98.1
France,2019,97.6
France,2020,98.2
French Polynesia,2000,99
Gabon,2000,82.6
Gabon,2001,85.5
Gabon,2012,89.3
Gambia,1990,44.1
Gambia,2000,51.6
Gambia,2006,52.1
Gambia,2010,56.1
Gambia,2013,57.2
Gambia,2018,82.7
Gambia,2020,83.8
Georgia,1989,94.6
Georgia,1990,96.6
Georgia,1991,91.3
Georgia,1992,91.1
Georgia,1993,90.8
Georgia,1998,96
Georgia,1999,96.4
Georgia,2000,95.5
Georgia,2001,96.6
Georgia,2002,97.4
Georgia,2003,97.2
Georgia,2004,97.5
Georgia,2005,98.3
Georgia,2006,98.8
Georgia,2007,99.4
Georgia,2008,99.6
Georgia,2009,99.7
Georgia,2010,99.6
Georgia,2011,99.8
Georgia,2012,99.8
Georgia,2013,99.9
Georgia,2014,99.9
Georgia,2015,99.9
Georgia,2016,99.9
Georgia,2017,99.9
Georgia,2018,99.8
Georgia,2019,99.8
Georgia,2020,99.8
Georgia,2021,99.8
Germany,1986,100
Germany,1999,98.7
Germany,2000,98.6
Germany,2001,98.6
Germany,2002,98.6
Germany,2003,98.6
Germany,2004,98.2
Germany,2005,98.2
Germany,2006,98.4
Germany,2007,98.4
Germany,2008,98.5
Germany,2009,98.3
Germany,2010,96.8
Germany,2011,96.9
Germany,2012,97
Germany,2013,96.9
Germany,2014,96.9
Germany,2015,97.1
Germany,2016,96.2
Germany,2017,97.1
Germany,2018,96.2
Germany,2019,96.2
Ghana,1988,40.1
Ghana,1993,43.8
Ghana,1994,43.8
Ghana,1998,44.3
Ghana,1999,44.3
Ghana,2003,47.1
Ghana,2006,49.7
Ghana,2007,55.2
Ghana,2008,54.7
Ghana,2011,67.2
Ghana,2014,70.8
Ghana,2017,78.1
Ghana,2018,78.9
Greece,1980,99.29
Greece,1981,99.37
Greece,1982,99.45
Greece,1983,99.51
Greece,1984,99.6
Greece,1985,99.7
Greece,1986,99.71
Greece,1987,99.69
Greece,1988,99.73
Greece,1989,99.77
Greece,1990,99.82
Greece,1991,99.78
Greece,1992,99.78
Greece,1993,99.81
Greece,1994,99.87
Greece,1995,99.88
Greece,1996,99.86
Greece,1997,99.89
Greece,1998,99.9
Greece,1999,99.93
Greece,2000,99.9
Greece,2001,100
Greece,2002,100
Greece,2003,100
Greece,2004,100
Greece,2005,100
Greece,2006,100
Greece,2007,100
Greece,2008,100
Greece,2009,100
Greece,2010,100
Greece,2011,100
Greece,2012,99.9
Greece,2013,99.9
Greece,2014,99.9
Greece,2015,99.9
Greece,2016,99.9
Greece,2017,99.9
Greece,2018,99.9
Grenada,1995,100
Grenada,1998,99
Grenada,1999,99
Grenada,2000,100
Grenada,2002,100
Grenada,2003,100
Grenada,2005,100
Grenada,2007,98.8
Grenada,2009,100
Grenada,2011,100
Grenada,2012,99
Grenada,2013,99
Grenada,2014,99
Grenada,2015,99
Grenada,2016,99.3
Grenada,2017,100
Guam,2001,99.4
Guatemala,1984,35
Guatemala,1987,29.1
Guatemala,1995,34.8
Guatemala,1999,40.4
Guatemala,2000,41.4
Guatemala,2001,41.4
Guatemala,2002,41.4
Guatemala,2007,31.4
Guatemala,2009,51.5
Guatemala,2010,52.3
Guatemala,2012,58.7
Guatemala,2013,62.8
Guatemala,2014,67
Guatemala,2015,65.5
Guatemala,2016,69.8
Guatemala,2017,69.6
Guinea,1992,30.5
Guinea,1999,34.8
Guinea,2003,48.7
Guinea,2005,38
Guinea,2007,46.1
Guinea,2008,46.1
Guinea,2012,45.3
Guinea,2016,62.7
Guinea,2018,55.3
Guinea-Bissau,1995,25
Guinea-Bissau,2000,31.8
Guinea-Bissau,2006,31
Guinea-Bissau,2010,43
Guinea-Bissau,2014,45
Guinea-Bissau,2019,53.8
Guyana,1995,93
Guyana,1997,95
Guyana,1998,94
Guyana,2000,82.9
Guyana,2001,93.8
Guyana,2003,94
Guyana,2004,95.9
Guyana,2005,96.7
Guyana,2006,96.6
Guyana,2007,80.9
Guyana,2008,96
Guyana,2009,87.4
Guyana,2012,97.3
Guyana,2013,98.3
Guyana,2014,85.7
Guyana,2015,95.8
Guyana,2016,94.3
Guyana,2017,96.7
Guyana,2018,95.1
Guyana,2019,95
Guyana,2020,97.6
Haiti,1989,23
Haiti,1995,20.6
Haiti,2000,23.8
Haiti,2005,26.1
Haiti,2006,26.1
Haiti,2012,37.3
Haiti,2013,48.6
Haiti,2017,41.6
High-income countries,2000,99.03809
High-income countries,2010,99.08795
High-income countries,2019,98.575165
Honduras,1987,42.1
Honduras,1992,46.9
Honduras,1996,54.9
Honduras,2001,55.7
Honduras,2006,66.3
Honduras,2012,82.8
Honduras,2015,72
Honduras,2016,79
Honduras,2017,74
Honduras,2019,94.1
Hong Kong,2005,100
Hungary,1989,99.4
Hungary,1990,99.4
Hungary,1991,99.4
Hungary,1992,99.5
Hungary,1993,99.4
Hungary,1994,99.4
Hungary,1995,99.4
Hungary,1996,99.5
Hungary,1997,99.5
Hungary,1998,99.5
Hungary,1999,99.5
Hungary,2000,99.5
Hungary,2001,99.6
Hungary,2002,99.6
Hungary,2003,99.6
Hungary,2004,99.6
Hungary,2005,99.6
Hungary,2006,99.7
Hungary,2007,99.6
Hungary,2008,99.5
Hungary,2009,99.6
Hungary,2010,99.1
Hungary,2011,99
Hungary,2012,99
Hungary,2013,99.1
Hungary,2014,99.2
Hungary,2015,99.6
Hungary,2016,99.7
Hungary,2017,99.7
Iceland,1990,100
Iceland,1991,99.9
Iceland,1992,99.8
Iceland,1993,99.8
Iceland,1994,99.8
Iceland,1995,99.8
Iceland,1996,99.8
Iceland,1997,99.8
Iceland,1998,99.9
Iceland,1999,99.6
Iceland,2000,99.3
Iceland,2001,99.5
Iceland,2002,99.4
Iceland,2003,99.4
Iceland,2004,99.4
Iceland,2005,99
Iceland,2006,98.9
Iceland,2007,98.9
Iceland,2008,98.7
Iceland,2009,98.8
Iceland,2010,98.2
Iceland,2011,97.9
Iceland,2012,97.8
Iceland,2013,98.1
Iceland,2014,97.8
Iceland,2015,98.2
Iceland,2016,97.9
Iceland,2017,98
Iceland,2018,98.2
Iceland,2019,98.3
Iceland,2020,97.4
India,1993,34.2
India,1999,42.3
India,2000,42.5
India,2006,46.6
India,2008,52.3
India,2014,81.4
India,2016,81.4
India,2021,89.4
Indonesia,1987,36.3
Indonesia,1990,40.7
Indonesia,1991,35.1
Indonesia,1992,40.7
Indonesia,1994,39.8
Indonesia,1995,49.7
Indonesia,1997,49.1
Indonesia,1998,56
Indonesia,2000,66.9
Indonesia,2002,68.4
Indonesia,2003,66.3
Indonesia,2004,71.5
Indonesia,2007,73
Indonesia,2008,74.86
Indonesia,2010,82.2
Indonesia,2012,83.1
Indonesia,2013,87.4
Indonesia,2016,92.6
Indonesia,2017,90.9
Indonesia,2018,93.6
Indonesia,2019,94.7
Iran,1997,86.1
Iran,2000,89.6
Iran,2005,97.3
Iran,2009,97.7
Iran,2010,96.4
Iran,2011,98.5
Iran,2012,98.8
Iran,2013,98.8
Iran,2014,99
Iraq,1989,54
Iraq,2000,65.2
Iraq,2006,88.5
Iraq,2007,79.7
Iraq,2011,90.9
Iraq,2012,70.4
Iraq,2018,95.6
Ireland,1999,99.5
Ireland,2000,99.6
Ireland,2001,99.6
Ireland,2002,99.5
Ireland,2003,99.6
Ireland,2004,99.7
Ireland,2005,99.7
Ireland,2006,99.7
Ireland,2007,99.7
Ireland,2008,99.8
Ireland,2009,99.8
Ireland,2010,99.8
Ireland,2011,99.8
Ireland,2012,99.8
Ireland,2013,99.8
Ireland,2014,99.7
Ireland,2015,99.7
Ireland,2016,99.7
Ireland,2017,99.7
Isle of Man,1990,47.74766
Isle of Man,2000,71.50205
Isle of Man,2010,81.43068
Israel,1987,99
Italy,2000,99.8
Italy,2002,99.6
Italy,2003,99.6
Italy,2004,99.8
Italy,2005,99.8
Italy,2006,99.8
Italy,2007,99.6
Italy,2008,99.8
Italy,2009,99.8
Italy,2010,99.9
Italy,2011,99.9
Italy,2013,99.9
Italy,2014,99.9
Italy,2015,99.9
Italy,2016,99.9
Italy,2017,99.9
Italy,2018,99.9
Italy,2019,99.8
Italy,2020,99.8
Jamaica,1989,92
Jamaica,1993,93.4
Jamaica,1996,90
Jamaica,1997,94.6
Jamaica,2000,95.9
Jamaica,2001,98.5
Jamaica,2002,96.9
Jamaica,2003,97.4
Jamaica,2005,96.7
Jamaica,2006,94.5
Jamaica,2007,93
Jamaica,2008,98.3
Jamaica,2009,98.3
Jamaica,2010,95.3
Jamaica,2011,99.1
Jamaica,2012,99.5
Jamaica,2013,99.7
Jamaica,2014,99.7
Jamaica,2015,99.7
Jamaica,2016,99.7
Jamaica,2017,99.7
Jamaica,2018,99.7
Japan,1990,99.9
Japan,1995,99.9
Japan,1996,100
Japan,2000,99.8
Japan,2001,99.8
Japan,2002,99.8
Japan,2003,99.8
Japan,2004,99.8
Japan,2005,99.8
Japan,2006,99.8
Japan,2007,99.8
Japan,2008,99.8
Japan,2009,99.8
Japan,2010,99.8
Japan,2011,99.8
Japan,2012,99.8
Japan,2014,99.8
Japan,2015,99.9
Japan,2016,99.8
Japan,2017,99.9
Japan,2018,99.9
Japan,2019,99.9
Japan,2020,99.9
Japan,2021,99.8
Jordan,1990,87.3
Jordan,1997,96.6
Jordan,2002,99.5
Jordan,2007,99.1
Jordan,2012,99.6
Jordan,2018,99.7
Kazakhstan,1989,99
Kazakhstan,1990,99
Kazakhstan,1991,98.1
Kazakhstan,1992,98.9
Kazakhstan,1993,98.6
Kazakhstan,1994,98.3
Kazakhstan,1995,99.6
Kazakhstan,1996,98.1
Kazakhstan,1997,97.6
Kazakhstan,1998,98
Kazakhstan,1999,98.7
Kazakhstan,2000,98.3
Kazakhstan,2001,98.5
Kazakhstan,2002,98.9
Kazakhstan,2003,99.4
Kazakhstan,2004,99.4
Kazakhstan,2005,99.4
Kazakhstan,2006,99.8
Kazakhstan,2007,99.5
Kazakhstan,2008,99.3
Kazakhstan,2009,99.4
Kazakhstan,2010,99.4
Kazakhstan,2011,99.9
Kazakhstan,2012,100
Kazakhstan,2013,100
Kazakhstan,2014,100
Kazakhstan,2015,99.4
Kazakhstan,2016,99.9
Kazakhstan,2017,99.9
Kazakhstan,2018,99.9
Kenya,1989,50.1
Kenya,1993,45.1
Kenya,1998,44.3
Kenya,2000,42.6
Kenya,2003,41.6
Kenya,2009,43.8
Kenya,2014,61.8
Kenya,2016,70.2
Kiribati,1990,60
Kiribati,1994,72
Kiribati,1998,85
Kiribati,2000,85
Kiribati,2002,76
Kiribati,2005,63
Kiribati,2008,65
Kiribati,2009,79.8
Kiribati,2010,98.3
Kiribati,2019,91.9
Kosovo,2014,99
Kuwait,1986,96
Kuwait,1996,98.2
Kuwait,2002,100
Kuwait,2004,98.3
Kuwait,2005,98.6
Kuwait,2006,98.7
Kuwait,2007,98.7
Kuwait,2008,98.7
Kuwait,2009,98.7
Kuwait,2010,98.6
Kuwait,2011,98.8
Kuwait,2012,98.8
Kuwait,2013,98.7
Kuwait,2014,98.7
Kuwait,2015,99.9
Kuwait,2016,99.9
Kuwait,2017,99.9
Kuwait,2018,99.9
Kuwait,2019,99.9
Kyrgyzstan,1989,98.8
Kyrgyzstan,1990,98.9
Kyrgyzstan,1991,98.9
Kyrgyzstan,1992,98.7
Kyrgyzstan,1993,98.3
Kyrgyzstan,1994,98.2
Kyrgyzstan,1995,98
Kyrgyzstan,1996,98.1
Kyrgyzstan,1997,98.1
Kyrgyzstan,1998,98.5
Kyrgyzstan,1999,98.5
Kyrgyzstan,2000,98.6
Kyrgyzstan,2001,98.7
Kyrgyzstan,2002,98.8
Kyrgyzstan,2003,98.9
Kyrgyzstan,2004,98.2
Kyrgyzstan,2005,97.9
Kyrgyzstan,2006,97.6
Kyrgyzstan,2007,98.4
Kyrgyzstan,2008,98.5
Kyrgyzstan,2009,98.5
Kyrgyzstan,2010,98.3
Kyrgyzstan,2011,98.6
Kyrgyzstan,2012,99.1
Kyrgyzstan,2013,99
Kyrgyzstan,2014,98.4
Kyrgyzstan,2018,99.8
Kyrgyzstan,2020,100
Laos,2000,16.7
Laos,2001,19.4
Laos,2005,14.6
Laos,2006,18.9
Laos,2010,37
Laos,2012,40.1
Laos,2017,64.4
Latin America and Caribbean (WB),1990,76.262665
Latin America and Caribbean (WB),2000,86.405
Latin America and Caribbean (WB),2010,91.90738
Latin America and Caribbean (WB),2019,94.6313
Latvia,1989,100
Latvia,1990,100
Latvia,1991,100
Latvia,1992,100
Latvia,1993,100
Latvia,1994,100
Latvia,1995,100
Latvia,1996,100
Latvia,1997,100
Latvia,1998,100
Latvia,1999,100
Latvia,2000,100
Latvia,2001,99
Latvia,2002,100
Latvia,2003,99
Latvia,2004,100
Latvia,2005,100
Latvia,2006,100
Latvia,2007,99.4
Latvia,2008,99.1
Latvia,2009,98.9
Latvia,2010,98.8
Latvia,2011,98.6
Latvia,2012,98.6
Latvia,2013,98.4
Latvia,2014,98.1
Latvia,2015,99.9
Latvia,2016,99.9
Latvia,2017,99.9
Lebanon,1996,89
Lebanon,2000,99.9
Lebanon,2004,98.2
Lesotho,1993,60.9
Lesotho,1994,37.6
Lesotho,2000,48.1
Lesotho,2004,55.4
Lesotho,2005,55.4
Lesotho,2009,61.5
Lesotho,2014,77.9
Lesotho,2018,86.6
Liberia,1986,57.9
Liberia,2000,50.9
Liberia,2007,46.3
Liberia,2013,61.1
Liberia,2020,84.4
Libya,1995,94.4
Libya,1999,99
Libya,2007,98.3
Libya,2008,99.8
Libya,2010,99.9
Libya,2011,99.9
Libya,2012,99.9
Libya,2013,99.9
Lithuania,1989,100
Lithuania,1990,100
Lithuania,1991,100
Lithuania,1992,100
Lithuania,1993,100
Lithuania,1994,100
Lithuania,1995,100
Lithuania,1996,100
Lithuania,1997,100
Lithuania,1998,100
Lithuania,1999,100
Lithuania,2000,100
Lithuania,2001,100
Lithuania,2002,100
Lithuania,2003,100
Lithuania,2004,100
Lithuania,2005,100
Lithuania,2006,100
Lithuania,2007,100
Lithuania,2008,100
Lithuania,2009,100
Lithuania,2010,100
Lithuania,2011,100
Lithuania,2012,100
Lithuania,2013,100
Lithuania,2014,100
Lithuania,2015,100
Lithuania,2016,100
Lithuania,2017,100
Lithuania,2018,100
Lithuania,2019,100
Lithuania,2020,100
Lithuania,2021,100
Low-income countries,2000,32.260574
Low-income countries,2010,48.02685
Low-income countries,2019,65.25958
Lower-middle-income countries,2000,42.46825
Lower-middle-income countries,2010,54.47291
Lower-middle-income countries,2019,77.41977
Luxembourg,1986,100
Luxembourg,2002,99.9
Luxembourg,2003,99.9
Luxembourg,2009,99.9
Macao,2004,100
Madagascar,1992,56.7
Madagascar,1997,47.3
Madagascar,2000,47
Madagascar,2004,51.3
Madagascar,2009,43.9
Madagascar,2013,44.3
Madagascar,2018,46.1
Madagascar,2021,45.8
Malawi,1992,54.7
Malawi,2000,55.6
Malawi,2002,60.5
Malawi,2004,56.1
Malawi,2005,56.1
Malawi,2006,53.6
Malawi,2008,68
Malawi,2010,71.4
Malawi,2014,87.4
Malawi,2016,89.8
Malawi,2020,96.4
Malaysia,1990,92.8
Malaysia,1995,95.1
Malaysia,1998,96.2
Malaysia,2000,96.6
Malaysia,2001,96.8
Malaysia,2002,97
Malaysia,2003,97.6
Malaysia,2004,98
Malaysia,2005,98.1
Malaysia,2006,98.4
Malaysia,2007,98.6
Malaysia,2008,98.6
Malaysia,2009,98.6
Malaysia,2010,98.6
Malaysia,2011,98.6
Malaysia,2012,98.7
Malaysia,2013,98.8
Malaysia,2014,99
Malaysia,2015,99.4
Malaysia,2016,99.5
Malaysia,2017,99.6
Malaysia,2018,99.6
Malaysia,2019,99.6
Maldives,1994,90
Maldives,2001,70.3
Maldives,2004,84
Maldives,2005,91.6
Maldives,2006,94.2
Maldives,2007,96.3
Maldives,2008,98.3
Maldives,2009,94.8
Maldives,2010,98.2
Maldives,2011,98.8
Maldives,2012,95.5
Maldives,2013,95.6
Maldives,2014,95.6
Maldives,2017,99.5
Mali,1987,26.2
Mali,1996,40
Mali,2001,40.6
Mali,2006,49
Mali,2010,28.1
Mali,2013,58.6
Mali,2015,43.7
Mali,2018,67.3
Malta,1993,98
Malta,2001,99.9
Malta,2002,99.5
Malta,2003,99.5
Malta,2004,99.9
Malta,2005,99.7
Malta,2006,98.8
Malta,2007,99.8
Malta,2008,99.9
Malta,2009,99.8
Malta,2010,99.8
Malta,2011,99.8
Malta,2012,99.5
Malta,2013,99.9
Malta,2014,99.9
Malta,2015,99.8
Malta,2016,99.8
Malta,2017,99.7
Malta,2018,99.7
Malta,2019,99.7
Malta,2020,99.9
Malta,2021,99.8
Marshall Islands,1998,94.9
Marshall Islands,2002,95
Marshall Islands,2007,86.2
Marshall Islands,2009,86.5
Marshall Islands,2010,90
Marshall Islands,2011,90.1
Marshall Islands,2017,92.4
Mauritania,1991,40
Mauritania,2001,53.4
Mauritania,2007,57.1
Mauritania,2011,65.1
Mauritania,2015,69.3
Mauritania,2021,70.4
Mauritius,1990,91.1
Mauritius,1991,94.5
Mauritius,1992,96.5
Mauritius,1993,96.3
Mauritius,1994,97.7
Mauritius,1995,98.1
Mauritius,1996,97.5
Mauritius,1997,97.8
Mauritius,1998,98.5
Mauritius,1999,99.8
Mauritius,2000,99.7
Mauritius,2003,98.4
Mauritius,2005,99.2
Mauritius,2008,99.5
Mauritius,2009,99.4
Mauritius,2010,99.5
Mauritius,2011,99.5
Mauritius,2012,99.6
Mauritius,2013,99.7
Mauritius,2014,99.7
Mauritius,2015,99.8
Mauritius,2016,99.7
Mauritius,2017,99.8
Mauritius,2018,99.8
Mauritius,2019,99.8
Mauritius,2020,99.7
Mauritius,2021,99.7
Mexico,1987,69.4
Mexico,1990,83.8
Mexico,1997,85.7
Mexico,2000,88.6
Mexico,2001,88
Mexico,2002,88.9
Mexico,2003,89.6
Mexico,2004,90.3
Mexico,2005,91.1
Mexico,2006,93.4
Mexico,2007,92.7
Mexico,2008,93.3
Mexico,2009,95.3
Mexico,2010,94.5
Mexico,2011,95.3
Mexico,2012,99.6
Mexico,2013,96.1
Mexico,2014,95.6
Mexico,2015,97.7
Mexico,2016,98
Mexico,2017,96.6
Micronesia (country),1998,88
Micronesia (country),1999,83.8
Micronesia (country),2000,82.8
Micronesia (country),2001,85.7
Micronesia (country),2002,81.6
Micronesia (country),2003,84.6
Micronesia (country),2005,82.7
Micronesia (country),2006,85.3
Micronesia (country),2008,90
Micronesia (country),2009,100
Middle East and North Africa (WB),2000,77.37281
Middle East and North Africa (WB),2010,81.91988
Middle-income countries,2000,60.873142
Middle-income countries,2010,69.7349
Middle-income countries,2019,84.604225
Moldova,1989,100
Moldova,1990,100
Moldova,1991,100
Moldova,1992,100
Moldova,1993,100
Moldova,1994,100
Moldova,1995,100
Moldova,1996,100
Moldova,1997,99.1
Moldova,1998,98
Moldova,1999,98
Moldova,2000,98
Moldova,2001,99
Moldova,2002,99.6
Moldova,2003,99.4
Moldova,2004,99.3
Moldova,2005,99.5
Moldova,2006,99.6
Moldova,2007,99.6
Moldova,2008,99.5
Moldova,2009,99.7
Moldova,2010,99.2
Moldova,2011,99.4
Moldova,2012,99.2
Moldova,2013,99.8
Moldova,2014,99.7
Moldova,2015,99.7
Moldova,2016,99.7
Moldova,2017,99.7
Moldova,2018,99.7
Moldova,2019,99.7
Moldova,2020,99.6
Moldova,2021,99.6
Mongolia,1998,97.1
Mongolia,2000,96.6
Mongolia,2003,98.6
Mongolia,2004,99.7
Mongolia,2005,99.2
Mongolia,2008,99.4
Mongolia,2010,98.8
Mongolia,2013,98.9
Mongolia,2014,98.9
Mongolia,2018,99.3
Montenegro,2000,99.1
Montenegro,2001,96.6
Montenegro,2002,98
Montenegro,2003,98.9
Montenegro,2004,98.3
Montenegro,2005,99
Montenegro,2006,87.2
Montenegro,2007,99.7
Montenegro,2008,99.9
Montenegro,2009,99.5
Montenegro,2013,99
Montenegro,2018,98.8
Morocco,1984,24
Morocco,1987,26
Morocco,1992,30.8
Morocco,1995,39.6
Morocco,1997,45.6
Morocco,2004,62.6
Morocco,2010,74.1
Morocco,2011,73.6
Morocco,2018,86.6
Mozambique,1997,44.2
Mozambique,2003,47.7
Mozambique,2008,55.3
Mozambique,2011,54.3
Mozambique,2015,73
Myanmar,1991,46.3
Myanmar,1997,56.4
Myanmar,2001,57
Myanmar,2003,67.5
Myanmar,2007,63.9
Myanmar,2010,70.6
Myanmar,2016,60.2
Namibia,1992,68.2
Namibia,2000,75.5
Namibia,2007,81.4
Namibia,2013,88.2
Nauru,2007,97.4
Nepal,1991,7.4
Nepal,1996,9
Nepal,2000,11.9
Nepal,2001,10.9
Nepal,2004,15.8
Nepal,2006,18.7
Nepal,2011,36
Nepal,2014,55.6
Nepal,2016,58
Nepal,2017,58
Nepal,2019,77.2
Netherlands,1998,100
Netherlands,2003,100
New Zealand,1994,95
New Zealand,1995,100
New Zealand,1999,92
New Zealand,2000,97.3
New Zealand,2001,96.6
New Zealand,2002,99.2
New Zealand,2003,98.2
New Zealand,2004,94
New Zealand,2005,96.6
New Zealand,2006,96.8
New Zealand,2007,96.7
New Zealand,2008,96.7
New Zealand,2009,96.7
New Zealand,2010,96.8
New Zealand,2011,96.7
New Zealand,2012,96.8
New Zealand,2013,96.7
New Zealand,2014,96.7
New Zealand,2015,96.3
New Zealand,2016,96.5
New Zealand,2017,96.6
New Zealand,2018,96.4
New Zealand,2019,96.5
Nicaragua,1993,61
Nicaragua,1998,64.6
Nicaragua,2001,66.9
Nicaragua,2002,72.6
Nicaragua,2003,74.1
Nicaragua,2004,76
Nicaragua,2005,78.6
Nicaragua,2006,79.3
Nicaragua,2007,73.7
Nicaragua,2008,85.3
Nicaragua,2010,88
Nicaragua,2011,89.7
Nicaragua,2012,87
Nicaragua,2013,92.4
Nicaragua,2014,93.4
Nicaragua,2015,94
Nicaragua,2016,94.1
Nicaragua,2017,94.1
Niger,1992,14.9
Niger,1998,17.6
Niger,2000,15.7
Niger,2006,17.7
Niger,2012,29.3
Niger,2015,39.7
Niger,2016,39.1
Niger,2021,43.7
Nigeria,1990,32
Nigeria,1999,41.6
Nigeria,2003,35.2
Nigeria,2008,34.4
Nigeria,2011,47.3
Nigeria,2013,35.2
Nigeria,2017,43
Nigeria,2018,43.3
Nigeria,2022,50.7
North America (WB),1990,99.19094
North America (WB),2000,99.392525
North America (WB),2010,99.322136
North America (WB),2019,99.0005
North Korea,2000,96.7
North Korea,2004,97.1
North Korea,2009,100
North Korea,2017,99.5
North Macedonia,1989,87.8
North Macedonia,1990,88.9
North Macedonia,1991,89.3
North Macedonia,1992,90.9
North Macedonia,1993,93.3
North Macedonia,1994,93.4
North Macedonia,1995,94.1
North Macedonia,1996,95
North Macedonia,1997,95.6
North Macedonia,1998,96.6
North Macedonia,1999,97
North Macedonia,2000,97.7
North Macedonia,2001,97.6
North Macedonia,2002,98.2
North Macedonia,2003,99
North Macedonia,2004,99
North Macedonia,2005,99.1
North Macedonia,2006,97.8
North Macedonia,2007,99.6
North Macedonia,2008,99.7
North Macedonia,2009,99.8
North Macedonia,2010,99.9
North Macedonia,2011,89.1
North Macedonia,2012,99.9
North Macedonia,2013,99.9
North Macedonia,2014,99.9
North Macedonia,2015,99.9
North Macedonia,2016,99.9
North Macedonia,2017,99.9
North Macedonia,2018,99.9
North Macedonia,2019,100
North Macedonia,2020,100
North Macedonia,2021,100
Northern Mariana Islands,2000,99.6
Norway,1988,100
Norway,1990,99.4
Norway,1991,99.3
Norway,1992,99.3
Norway,1993,99.4
Norway,1994,99.3
Norway,1995,99.2
Norway,1996,99.2
Norway,1997,99.1
Norway,1998,99.1
Norway,1999,99.1
Norway,2000,99
Norway,2001,99.1
Norway,2002,99.1
Norway,2003,99
Norway,2004,99.1
Norway,2005,99.2
Norway,2006,99.2
Norway,2007,99.1
Norway,2008,99.2
Norway,2009,99.2
Norway,2010,99.1
Norway,2011,99.2
Norway,2012,99.2
Norway,2013,99.1
Norway,2014,99.1
Norway,2015,99.1
Norway,2016,99.1
Norway,2017,99.2
Norway,2018,99.2
Norway,2019,99.3
Norway,2020,99.2
Norway,2021,99.2
Oman,1987,87
Oman,1995,91.1
Oman,2000,94.7
Oman,2005,98
Oman,2006,98
Oman,2007,99
Oman,2008,98.6
Oman,2009,98.6
Oman,2010,98.6
Oman,2011,98.6
Oman,2012,98.6
Oman,2013,98.6
Oman,2014,99.1
Oman,2015,98.7
Oman,2016,98.7
Oman,2017,98.7
Oman,2018,98.6
Oman,2019,98.6
Oman,2020,99.9
Pakistan,1991,17.2
Pakistan,1997,18
Pakistan,1999,18
Pakistan,2001,23
Pakistan,2002,23
Pakistan,2005,31
Pakistan,2006,56
Pakistan,2007,38.8
Pakistan,2008,40
Pakistan,2009,41
Pakistan,2011,43
Pakistan,2012,51
Pakistan,2013,52.1
Pakistan,2015,59
Pakistan,2018,69.3
Pakistan,2019,73.7
Pakistan,2020,68
Palau,1990,100
Palau,1995,100
Palau,1998,100
Palau,2000,100
Palau,2002,100
Palau,2006,100
Palau,2007,100
Palau,2008,100
Palau,2009,99.3
Palau,2010,99.6
Palau,2011,100
Palau,2012,97.4
Palau,2013,99.1
Palau,2014,100
Palau,2015,100
Palau,2016,100
Palau,2017,100
Palau,2018,100
Palau,2019,100
Palau,2020,97.2
Palestine,1996,94.9
Palestine,2000,97.4
Palestine,2004,98.3
Palestine,2005,97
Palestine,2006,96.6
Palestine,2010,99
Palestine,2014,99.6
Palestine,2020,99.7
Panama,1992,85.8
Panama,1993,86.9
Panama,1994,88
Panama,1995,88.3
Panama,1996,89.9
Panama,1997,89.5
Panama,1998,90
Panama,1999,90.1
Panama,2000,90.5
Panama,2001,92.1
Panama,2002,94.2
Panama,2003,92.5
Panama,2004,91.3
Panama,2005,91.1
Panama,2006,91
Panama,2007,91.5
Panama,2008,91.8
Panama,2009,88.6
Panama,2010,92.7
Panama,2011,93.5
Panama,2012,94.3
Panama,2013,91.4
Panama,2014,93.9
Panama,2015,96.3
Panama,2016,94.6
Panama,2017,94.2
Panama,2018,92.9
Panama,2019,95
Papua New Guinea,1995,42
Papua New Guinea,1996,51.3
Papua New Guinea,2000,41
Papua New Guinea,2001,39
Papua New Guinea,2004,39
Papua New Guinea,2006,53
Papua New Guinea,2018,56.4
Paraguay,1990,66
Paraguay,1996,60.8
Paraguay,1998,60.8
Paraguay,1999,85.6
Paraguay,2000,85
Paraguay,2001,85.9
Paraguay,2002,85.8
Paraguay,2003,85.9
Paraguay,2004,77.2
Paraguay,2005,87.5
Paraguay,2006,90.5
Paraguay,2007,90.6
Paraguay,2008,87.2
Paraguay,2009,93.8
Paraguay,2010,95.6
Paraguay,2011,95.8
Paraguay,2012,95.7
Paraguay,2013,96.8
Paraguay,2014,96.4
Paraguay,2015,96.3
Paraguay,2016,95.5
Paraguay,2017,97.3
Paraguay,2018,97.7
Paraguay,2019,92.2
Peru,1986,49
Peru,1992,80
Peru,1996,55.1
Peru,2000,59.3
Peru,2004,71.1
Peru,2006,71
Peru,2008,79.4
Peru,2009,82.5
Peru,2010,83.8
Peru,2011,85
Peru,2012,86.7
Peru,2013,89.1
Peru,2014,90
Peru,2015,91.6
Peru,2016,92.4
Peru,2017,93.6
Peru,2018,93.7
Peru,2019,94.4
Peru,2020,95.7
Peru,2021,94.9
Philippines,1993,52.8
Philippines,1998,56.4
Philippines,1999,58
Philippines,2000,58
Philippines,2003,59.8
Philippines,2008,62.2
Philippines,2011,72.2
Philippines,2013,72.8
Philippines,2017,84.4
Poland,1986,99
Poland,1989,99.6
Poland,1990,97.8
Poland,1991,99.6
Poland,1992,99.6
Poland,1993,99.6
Poland,1994,99.6
Poland,1995,99.6
Poland,1996,99.7
Poland,1997,99.7
Poland,1998,99.7
Poland,1999,99.7
Poland,2000,99.4
Poland,2001,99.8
Poland,2002,99.8
Poland,2003,99.8
Poland,2004,99.8
Poland,2005,99.3
Poland,2006,99.4
Poland,2007,99.4
Poland,2008,99.4
Poland,2009,99.7
Poland,2010,99.9
Poland,2011,99.9
Poland,2012,99.9
Poland,2013,99.9
Poland,2014,99.9
Poland,2015,99.9
Poland,2016,99.8
Poland,2017,99.8
Poland,2018,99.8
Poland,2019,99.8
Poland,2020,99.7
Poland,2021,99.6
Portugal,1989,98
Portugal,1998,99.7
Portugal,2000,99.7
Portugal,2001,99.9
Portugal,2011,99.9
Portugal,2012,99.9
Portugal,2013,99.9
Portugal,2014,99.9
Portugal,2015,99.9
Portugal,2016,99.9
Portugal,2017,99.9
Portugal,2018,99.9
Portugal,2019,99.9
Portugal,2020,98.6
Puerto Rico,2004,99.8
Qatar,1990,100
Qatar,1991,100
Qatar,1992,100
Qatar,1993,100
Qatar,1995,100
Qatar,1996,100
Qatar,1997,100
Qatar,1998,98
Qatar,1999,100
Qatar,2000,100
Qatar,2001,100
Qatar,2002,100
Qatar,2003,100
Qatar,2004,100
Qatar,2005,100
Qatar,2006,100
Qatar,2007,100
Qatar,2008,100
Qatar,2009,100
Qatar,2010,100
Qatar,2011,100
Qatar,2012,100
Qatar,2014,99.9
Qatar,2015,99.9
Qatar,2016,100
Qatar,2017,100
Qatar,2018,100
Qatar,2019,100
Romania,1989,99.9
Romania,1990,99.8
Romania,1991,99.9
Romania,1992,99.7
Romania,1993,98.9
Romania,1994,99
Romania,1995,99.1
Romania,1996,99
Romania,1997,98.3
Romania,1998,99
Romania,1999,98
Romania,2000,99
Romania,2001,99
Romania,2002,99.1
Romania,2003,99.2
Romania,2004,98.9
Romania,2005,98.1
Romania,2006,98.2
Romania,2007,98.8
Romania,2008,99.4
Romania,2009,99.5
Romania,2010,99.5
Romania,2011,99.4
Romania,2012,99.5
Romania,2013,96.6
Romania,2014,95.4
Romania,2015,94.3
Romania,2016,95
Romania,2017,93.5
Romania,2018,93.1
Romania,2019,91.5
Romania,2020,93
Russia,1989,99.2
Russia,1990,99.2
Russia,1991,99.2
Russia,1992,99.1
Russia,1993,99.1
Russia,1994,99.1
Russia,1995,99.1
Russia,1996,99.1
Russia,1997,99.1
Russia,1998,99.1
Russia,1999,99.1
Russia,2000,99.2
Russia,2001,99.3
Russia,2002,99.3
Russia,2003,99.4
Russia,2004,99.4
Russia,2005,99.4
Russia,2006,99.5
Russia,2007,99.6
Russia,2008,99.6
Russia,2009,99.7
Russia,2010,99.7
Russia,2011,99.7
Russia,2012,99.7
Russia,2013,99.7
Russia,2014,99.7
Russia,2015,99.7
Russia,2016,99.7
Russia,2017,99.7
Russia,2018,99.7
Russia,2019,99.7
Russia,2020,99.6
Rwanda,1992,25.9
Rwanda,2000,31.3
Rwanda,2005,38.6
Rwanda,2008,52.1
Rwanda,2010,69
Rwanda,2011,69
Rwanda,2015,90.7
Rwanda,2020,94.2
Saint Kitts and Nevis,1995,100
Saint Kitts and Nevis,1998,99.4
Saint Kitts and Nevis,2000,99.4
Saint Kitts and Nevis,2002,99.5
Saint Kitts and Nevis,2004,100
Saint Kitts and Nevis,2005,100
Saint Kitts and Nevis,2006,100
Saint Kitts and Nevis,2007,100
Saint Kitts and Nevis,2008,100
Saint Kitts and Nevis,2009,100
Saint Kitts and Nevis,2010,100
Saint Kitts and Nevis,2011,100
Saint Kitts and Nevis,2012,100
Saint Kitts and Nevis,2013,100
Saint Kitts and Nevis,2014,100
Saint Kitts and Nevis,2015,100
Saint Kitts and Nevis,2018,100
Saint Kitts and Nevis,2019,100
Saint Kitts and Nevis,2020,100
Saint Lucia,1995,100
Saint Lucia,1997,99.7
Saint Lucia,2000,100
Saint Lucia,2002,98
Saint Lucia,2003,99
Saint Lucia,2004,100
Saint Lucia,2005,100
Saint Lucia,2006,97.9
Saint Lucia,2007,100
Saint Lucia,2008,100
Saint Lucia,2010,98.5
Saint Lucia,2012,98.7
Saint Lucia,2014,99.1
Saint Lucia,2015,99.1
Saint Lucia,2017,100
Saint Lucia,2018,100
Saint Lucia,2019,100
Saint Vincent and the Grenadines,1995,100
Saint Vincent and the Grenadines,1998,98
Saint Vincent and the Grenadines,1999,99.3
Saint Vincent and the Grenadines,2000,100
Saint Vincent and the Grenadines,2001,100
Saint Vincent and the Grenadines,2002,100
Saint Vincent and the Grenadines,2004,100
Saint Vincent and the Grenadines,2005,100
Saint Vincent and the Grenadines,2007,100
Saint Vincent and the Grenadines,2008,99.2
Saint Vincent and the Grenadines,2009,98.9
Saint Vincent and the Grenadines,2010,98.3
Saint Vincent and the Grenadines,2011,98.8
Saint Vincent and the Grenadines,2012,99.2
Saint Vincent and the Grenadines,2013,99
Saint Vincent and the Grenadines,2014,99.9
Saint Vincent and the Grenadines,2015,98.7
Saint Vincent and the Grenadines,2016,98.6
Samoa,1990,76
Samoa,1998,100
Samoa,2000,80
Samoa,2004,100
Samoa,2009,80.8
Samoa,2014,82.5
Samoa,2020,88.9
Sao Tome and Principe,2000,78.6
Sao Tome and Principe,2003,76.4
Sao Tome and Principe,2006,80.7
Sao Tome and Principe,2009,81.7
Sao Tome and Principe,2014,92.5
Sao Tome and Principe,2019,96.8
Saudi Arabia,1990,88
Saudi Arabia,1995,91.4
Saudi Arabia,1996,91.4
Saudi Arabia,2000,91
Saudi Arabia,2004,96
Saudi Arabia,2005,96
Saudi Arabia,2006,96
Saudi Arabia,2007,97
Saudi Arabia,2008,97
Saudi Arabia,2009,97
Saudi Arabia,2010,97
Saudi Arabia,2013,98
Saudi Arabia,2015,98
Saudi Arabia,2016,98
Saudi Arabia,2017,99.7
Saudi Arabia,2018,99.4
Saudi Arabia,2019,94.8
Senegal,1986,22
Senegal,1993,47.2
Senegal,1997,46.5
Senegal,1999,48.3
Senegal,2000,57.8
Senegal,2002,58
Senegal,2004,58
Senegal,2005,51.9
Senegal,2011,65.1
Senegal,2013,50.5
Senegal,2014,59.1
Senegal,2015,53.2
Senegal,2016,58.6
Senegal,2017,68.4
Senegal,2018,74.2
Senegal,2019,74.5
Serbia,1995,98.7
Serbia,1996,98.8
Serbia,2000,98
Serbia,2001,98.2
Serbia,2002,99.2
Serbia,2003,98.5
Serbia,2004,98.7
Serbia,2005,99.7
Serbia,2006,88.9
Serbia,2007,99.8
Serbia,2008,99.7
Serbia,2009,99.8
Serbia,2010,99.7
Serbia,2011,99
Serbia,2012,99
Serbia,2013,99.9
Serbia,2014,98.4
Serbia,2019,99.9
Seychelles,1990,98
Seychelles,1995,99
Seychelles,2000,99
Seychelles,2005,99
Seychelles,2006,99
Seychelles,2007,100
Seychelles,2008,100
Seychelles,2009,99
Seychelles,2010,99
Seychelles,2011,99
Seychelles,2012,99
Seychelles,2019,98.8
Seychelles,2020,99.5
Sierra Leone,2000,37.1
Sierra Leone,2005,40
Sierra Leone,2008,42.4
Sierra Leone,2010,60.8
Sierra Leone,2013,59.7
Sierra Leone,2017,81.6
Sierra Leone,2019,86.9
Singapore,1996,99.7
Singapore,1997,99.7
Singapore,1998,99.7
Singapore,1999,99.7
Singapore,2000,99.7
Singapore,2001,99.6
Singapore,2002,99.7
Singapore,2003,99.7
Singapore,2004,99.7
Singapore,2005,99.7
Singapore,2006,99.7
Singapore,2007,99.7
Singapore,2008,99.8
Singapore,2009,99.7
Singapore,2010,99.7
Singapore,2011,99.7
Singapore,2012,99.7
Singapore,2013,99.6
Singapore,2014,99.7
Singapore,2015,99.7
Singapore,2016,99.7
Singapore,2017,99.6
Singapore,2018,99.6
Singapore,2019,99.6
Singapore,2020,99.6
Singapore,2021,99.6
Slovakia,1989,100
Slovakia,1990,100
Slovakia,1991,100
Slovakia,1992,100
Slovakia,1993,100
Slovakia,1994,100
Slovakia,1995,100
Slovakia,1996,100
Slovakia,1997,100
Slovakia,1998,100
Slovakia,1999,100
Slovakia,2000,100
Slovakia,2001,99.4
Slovakia,2002,99.4
Slovakia,2003,99.5
Slovakia,2004,99.5
Slovakia,2005,99.5
Slovakia,2006,99.5
Slovakia,2007,99.2
Slovakia,2008,99.5
Slovakia,2009,99.5
Slovakia,2010,99.2
Slovakia,2011,99
Slovakia,2012,99.5
Slovakia,2013,98.6
Slovakia,2014,98.3
Slovakia,2015,97
Slovakia,2016,98.1
Slovakia,2017,98.8
Slovakia,2018,98
Slovakia,2019,98.3
Slovakia,2020,98.2
Slovakia,2021,98
Slovenia,1989,99.6
Slovenia,1990,99.9
Slovenia,1991,99.9
Slovenia,1992,99.9
Slovenia,1993,99.9
Slovenia,1994,99.9
Slovenia,1995,99.9
Slovenia,1996,99.9
Slovenia,1997,99.9
Slovenia,1998,99.8
Slovenia,1999,99.9
Slovenia,2000,99.9
Slovenia,2001,99.9
Slovenia,2002,99.9
Slovenia,2003,99.9
Slovenia,2004,99.9
Slovenia,2005,99.9
Slovenia,2006,99.9
Slovenia,2007,99.9
Slovenia,2008,99.9
Slovenia,2009,99.9
Slovenia,2010,99.9
Slovenia,2011,99.9
Slovenia,2012,99.8
Solomon Islands,1990,85
Solomon Islands,1994,83.5
Solomon Islands,1999,85
Solomon Islands,2007,85.5
Solomon Islands,2015,86.2
Somalia,1999,19.3
Somalia,2000,19.3
Somalia,2002,24.8
Somalia,2006,9.4
Somalia,2019,31.9
South Africa,1994,82
South Africa,1995,82
South Africa,1998,84.4
South Africa,2003,91.2
South Africa,2004,91.2
South Africa,2008,94.3
South Africa,2016,96.7
South Asia (WB),2000,35.99939
South Asia (WB),2010,47.74137
South Asia (WB),2019,81.701324
South Korea,1990,98
South Korea,1991,97.9
South Korea,1994,98.4
South Korea,1997,99.6
South Korea,2000,99.9
South Korea,2003,99.9
South Korea,2009,99.9
South Korea,2012,99.8
South Korea,2015,100
South Sudan,2006,9.7
South Sudan,2010,19.4
South Sudan,2020,39.7
Spain,2015,99.9
Spain,2018,99.9
Spain,2019,99.9
Spain,2020,99.9
Sri Lanka,1987,87.2
Sri Lanka,1993,94.1
Sri Lanka,2000,96
Sri Lanka,2007,98.6
Sri Lanka,2014,99.95
Sri Lanka,2016,99.5
Sub-Saharan Africa (WB),2000,41.522827
Sub-Saharan Africa (WB),2010,51.29204
Sub-Saharan Africa (WB),2019,64.320145
Sudan,1990,68.5
Sudan,2006,49.2
Sudan,2010,72.5
Sudan,2014,77.7
Suriname,1995,80
Suriname,2000,70.9
Suriname,2002,90
Suriname,2004,90
Suriname,2006,86.5
Suriname,2007,90
Suriname,2008,90
Suriname,2009,90
Suriname,2010,90
Suriname,2015,90
Suriname,2018,98.4
Sweden,1987,100
Switzerland,2006,100
Syria,1993,76.9
Syria,2004,89.7
Syria,2006,91.5
Syria,2009,96.2
Tajikistan,1989,93.6
Tajikistan,1991,90.3
Tajikistan,1994,82.6
Tajikistan,1995,80.9
Tajikistan,1996,79
Tajikistan,1997,72.6
Tajikistan,1998,74.1
Tajikistan,1999,66.6
Tajikistan,2000,70.7
Tajikistan,2001,81.1
Tajikistan,2002,88.7
Tajikistan,2003,88.1
Tajikistan,2004,75.1
Tajikistan,2005,82.4
Tajikistan,2006,78.3
Tajikistan,2007,88.4
Tajikistan,2008,85
Tajikistan,2009,87.1
Tajikistan,2010,87.7
Tajikistan,2011,89
Tajikistan,2012,87.4
Tajikistan,2013,90.8
Tajikistan,2014,90.3
Tajikistan,2015,98
Tajikistan,2017,94.8
Tanzania,1992,52.2
Tanzania,1996,46.7
Tanzania,1999,43.8
Tanzania,2004,43.4
Tanzania,2005,43.4
Tanzania,2010,48.9
Tanzania,2012,61.4
Tanzania,2016,63.5
Thailand,1987,65.9
Thailand,2000,99.3
Thailand,2006,96.9
Thailand,2009,99.4
Thailand,2012,99.6
Thailand,2013,99.6
Thailand,2016,99.1
Thailand,2019,99.1
Togo,1988,45.7
Togo,1998,50.5
Togo,2000,35.4
Togo,2003,60.8
Togo,2006,52.4
Togo,2010,43.9
Togo,2014,44.6
Togo,2017,69.4
Tonga,1990,94
Tonga,1991,92
Tonga,1999,96
Tonga,2000,95
Tonga,2001,95.3
Tonga,2002,95.1
Tonga,2003,97
Tonga,2004,98
Tonga,2005,96.1
Tonga,2006,98
Tonga,2007,98
Tonga,2008,97
Tonga,2009,98.1
Tonga,2010,99
Tonga,2012,95.5
Tonga,2019,98.3
Trinidad and Tobago,1987,97.7
Trinidad and Tobago,1993,98.3
Trinidad and Tobago,1994,98
Trinidad and Tobago,1995,97.5
Trinidad and Tobago,1996,98
Trinidad and Tobago,1997,98.4
Trinidad and Tobago,1998,98.2
Trinidad and Tobago,1999,98.4
Trinidad and Tobago,2000,96
Trinidad and Tobago,2001,99.5
Trinidad and Tobago,2002,98.7
Trinidad and Tobago,2003,99.7
Trinidad and Tobago,2004,99.7
Trinidad and Tobago,2006,96.9
Trinidad and Tobago,2008,99.5
Trinidad and Tobago,2011,98
Trinidad and Tobago,2012,100
Trinidad and Tobago,2013,100
Trinidad and Tobago,2014,100
Trinidad and Tobago,2015,100
Trinidad and Tobago,2016,100
Trinidad and Tobago,2017,100
Tunisia,1988,69
Tunisia,1995,81
Tunisia,2000,89.9
Tunisia,2001,89.9
Tunisia,2006,94.6
Tunisia,2012,73.6
Tunisia,2018,99.5
Turkey,1993,76
Turkey,1998,80.6
Turkey,2003,83
Turkey,2004,83
Turkey,2007,89.3
Turkey,2008,91.3
Turkey,2009,95
Turkey,2013,97.4
Turkey,2014,97.4
Turkey,2015,99
Turkey,2017,98
Turkey,2018,99.2
Turkey,2019,97
Turkmenistan,1996,95.8
Turkmenistan,2000,97.2
Turkmenistan,2002,97.2
Turkmenistan,2003,99.5
Turkmenistan,2004,98.5
Turkmenistan,2005,99.7
Turkmenistan,2006,99.5
Turkmenistan,2016,100
Turkmenistan,2019,100
Turks and Caicos Islands,1998,100
Turks and Caicos Islands,1999,88.2
Turks and Caicos Islands,2004,100
Turks and Caicos Islands,2005,99.1
Turks and Caicos Islands,2006,100
Turks and Caicos Islands,2020,100
Tuvalu,1990,95
Tuvalu,1997,99
Tuvalu,2000,100
Tuvalu,2002,100
Tuvalu,2007,93.1
Tuvalu,2020,99.5
Uganda,1989,38.1
Uganda,1995,37.8
Uganda,2000,36
Uganda,2001,39
Uganda,2006,41.9
Uganda,2011,57.4
Uganda,2016,74.2
Ukraine,1989,99.9
Ukraine,1990,99.9
Ukraine,1991,99.9
Ukraine,1992,99.9
Ukraine,1993,99.9
Ukraine,1994,99.88
Ukraine,1995,99.89
Ukraine,1996,99.9
Ukraine,1997,99.9
Ukraine,1998,99.9
Ukraine,1999,99.1
Ukraine,2000,99.9
Ukraine,2001,99.9
Ukraine,2002,99.9
Ukraine,2003,99.9
Ukraine,2004,99.9
Ukraine,2005,99.8
Ukraine,2006,99.9
Ukraine,2007,98.7
Ukraine,2008,99.9
Ukraine,2009,99.9
Ukraine,2010,99.9
Ukraine,2011,99.9
Ukraine,2012,99
Ukraine,2013,99.9
Ukraine,2014,99.9
United Arab Emirates,1990,99.1
United Arab Emirates,1995,99.2
United Arab Emirates,2003,100
United Arab Emirates,2004,100
United Arab Emirates,2008,100
United Arab Emirates,2013,99.9
United Arab Emirates,2014,99.9
United Arab Emirates,2015,99.9
United Arab Emirates,2018,99.2
United Kingdom,1998,99
United States,1989,99
United States,1990,99.2
United States,1991,99.2
United States,1992,99.3
United States,1993,99.4
United States,1994,99.4
United States,1995,99.4
United States,1996,99.4
United States,1997,99.4
United States,1998,99.4
United States,1999,99.4
United States,2000,99.4
United States,2001,99.4
United States,2002,99.5
United States,2003,99.3
United States,2004,99.3
United States,2005,99.4
United States,2006,99.4
United States,2007,99.3
United States,2008,99.3
United States,2009,99.3
United States,2010,99.4
United States,2011,99.3
United States,2012,99.3
United States,2013,99.2
United States,2014,98.5
United States,2015,99.1
United States,2016,99.1
United States,2017,99.1
United States,2018,99.1
United States,2019,99
United States,2020,99.1
United States Virgin Islands,2002,98.3
United States Virgin Islands,2003,98.5
Upper-middle-income countries,1990,83.845985
Upper-middle-income countries,2000,89.39784
Upper-middle-income countries,2010,95.10846
Upper-middle-income countries,2019,97.95831
Uruguay,1990,99.4
Uruguay,1991,99.3
Uruguay,1992,99
Uruguay,1993,98.3
Uruguay,1994,98.2
Uruguay,1995,98
Uruguay,1996,98
Uruguay,1997,98.4
Uruguay,1998,99
Uruguay,1999,99.8
Uruguay,2000,99.7
Uruguay,2001,99.6
Uruguay,2002,99.7
Uruguay,2003,99.7
Uruguay,2004,99.5
Uruguay,2005,99.9
Uruguay,2006,99.9
Uruguay,2007,98.6
Uruguay,2008,99.6
Uruguay,2009,99.7
Uruguay,2010,99.8
Uruguay,2011,99.5
Uruguay,2012,99.9
Uruguay,2013,98.2
Uruguay,2014,99.9
Uruguay,2015,99.9
Uruguay,2016,100
Uruguay,2017,100
Uruguay,2018,100
Uruguay,2019,100
Uruguay,2020,100
Uzbekistan,1996,97.5
Uzbekistan,1997,100
Uzbekistan,1998,100
Uzbekistan,1999,100
Uzbekistan,2000,94.9
Uzbekistan,2001,100
Uzbekistan,2002,100
Uzbekistan,2003,100
Uzbekistan,2004,100
Uzbekistan,2005,100
Uzbekistan,2006,99.6
Uzbekistan,2007,100
Uzbekistan,2008,100
Uzbekistan,2009,100
Uzbekistan,2010,100
Uzbekistan,2011,100
Uzbekistan,2012,100
Uzbekistan,2013,100
Uzbekistan,2014,100
Uzbekistan,2015,100
Uzbekistan,2016,100
Uzbekistan,2017,100
Uzbekistan,2018,100
Uzbekistan,2019,100
Uzbekistan,2020,100
Uzbekistan,2022,99
Vanuatu,1990,79
Vanuatu,1994,87
Vanuatu,1995,89.1
Vanuatu,1999,88
Vanuatu,2000,88
Vanuatu,2003,84
Vanuatu,2005,92
Vanuatu,2006,92.9
Vanuatu,2007,74
Vanuatu,2013,89.4
Venezuela,1997,95.3
Venezuela,2000,94
Venezuela,2003,95
Venezuela,2011,98.1
Venezuela,2012,96
Venezuela,2013,99.2
Venezuela,2014,99.5
Venezuela,2015,99.3
Venezuela,2016,99.3
Venezuela,2017,99.1
Venezuela,2018,98.7
Vietnam,1997,77.1
Vietnam,2000,58.8
Vietnam,2002,85
Vietnam,2006,83.8
Vietnam,2011,91.9
Vietnam,2014,93.8
Vietnam,2021,96.1
World,2000,62.144756
World,2010,69.581825
World,2019,83.2157
Yemen,1992,34.3
Yemen,1997,21.7
Yemen,2003,26.8
Yemen,2006,35.7
Yemen,2012,34.4
Yemen,2013,44.7
Zambia,1992,49.8
Zambia,1996,46
Zambia,1997,46.5
Zambia,1999,45.3
Zambia,2002,42.1
Zambia,2007,45.2
Zambia,2014,63.3
Zambia,2018,80.4
Zambia,2019,80.4
Zimbabwe,1988,69.6
Zimbabwe,1994,69.2
Zimbabwe,1999,72.4
Zimbabwe,2006,68.5
Zimbabwe,2009,60.2
Zimbabwe,2011,66.2
Zimbabwe,2014,80
Zimbabwe,2015,78.1
Zimbabwe,2019,86